correct_rate,response_time_mean,hint_requests,topic_switch_count,session_duration,level
0.55,9.75,3,4,27.6,intermediate
0.55,5.04,1,3,28.3,intermediate
0.65,8.94,2,4,25.4,advanced
0.55,13.57,2,1,30.0,intermediate
0.3,22.21,11,5,30.0,beginner
0.75,5.88,1,4,30.0,advanced
0.4,10.94,6,6,19.8,intermediate
0.65,7.95,3,3,16.4,intermediate
0.55,14.23,4,6,25.2,beginner
0.55,10.15,4,4,30.0,intermediate
0.55,7.5,2,3,12.6,intermediate
0.65,5.67,1,3,30.0,advanced
0.55,9.52,5,3,22.3,intermediate
0.65,7.78,2,9,12.5,intermediate
0.65,6.39,1,6,28.0,intermediate
0.7,15.15,2,4,29.1,intermediate
0.45,21.8,3,4,21.4,intermediate
0.35,7.31,8,2,14.8,beginner
0.75,3.83,1,5,30.0,intermediate
0.6,7.24,3,5,18.0,intermediate
0.8,6.74,2,0,30.0,intermediate
0.35,15.25,9,5,12.1,intermediate
0.8,6.67,1,0,29.8,advanced
0.95,4.54,0,6,30.0,advanced
0.75,8.84,3,5,30.0,intermediate
0.2,8.65,9,2,30.0,beginner
0.55,8.1,2,4,18.3,intermediate
0.45,11.21,7,6,24.2,beginner
0.4,6.81,9,5,12.4,beginner
0.6,6.11,4,4,14.6,intermediate
0.6,5.68,4,5,20.1,intermediate
0.85,7.11,0,5,29.8,advanced
0.6,9.97,1,5,30.0,intermediate
0.45,11.41,1,6,30.0,intermediate
0.4,5.33,5,6,19.8,intermediate
0.45,6.31,4,4,23.4,beginner
0.6,13.02,9,2,27.5,beginner
0.6,2.9,3,4,28.9,intermediate
0.7,10.37,3,5,24.4,intermediate
0.75,4.16,3,4,24.6,intermediate
0.75,10.03,0,2,23.9,intermediate
0.75,5.56,1,4,23.2,intermediate
0.5,11.74,3,5,21.8,intermediate
0.45,26.98,2,3,22.5,intermediate
0.9,2.45,1,5,24.9,intermediate
0.65,11.04,2,7,16.5,intermediate
0.55,4.77,3,8,28.2,intermediate
0.65,8.61,2,4,27.7,intermediate
0.6,7.12,5,3,30.0,intermediate
0.35,15.19,8,6,21.1,beginner
0.65,6.78,4,5,20.2,beginner
0.3,15.17,8,2,17.1,beginner
0.5,5.85,2,4,22.6,intermediate
0.75,10.03,1,5,29.1,intermediate
0.75,6.21,2,2,23.5,intermediate
0.6,6.11,5,2,13.3,intermediate
0.9,10.24,2,1,22.2,intermediate
0.6,6.96,0,4,25.1,intermediate
0.45,22.17,1,6,25.4,beginner
0.4,13.18,6,5,14.5,beginner
0.6,5.88,2,6,25.8,intermediate
0.65,7.8,2,3,25.3,intermediate
0.4,9.37,3,3,20.3,intermediate
0.6,12.33,2,5,21.4,intermediate
0.65,8.58,2,5,20.3,intermediate
0.5,8.49,5,1,24.9,intermediate
0.6,8.57,3,2,29.6,intermediate
0.6,7.68,1,1,30.0,intermediate
0.5,18.14,9,7,14.2,beginner
0.4,10.12,7,4,20.9,intermediate
0.45,9.01,10,5,8.6,intermediate
0.5,5.95,0,1,25.5,intermediate
0.45,10.39,12,4,23.7,intermediate
0.5,4.72,2,3,30.0,intermediate
0.3,9.49,8,11,9.6,beginner
0.45,10.75,1,3,19.4,intermediate
0.65,8.11,3,1,24.1,intermediate
0.7,9.12,2,1,15.3,intermediate
0.55,3.6,3,5,24.4,intermediate
0.5,9.57,2,4,27.9,intermediate
0.55,6.65,6,6,17.4,intermediate
0.5,7.33,5,5,24.1,intermediate
0.7,7.16,1,3,18.2,intermediate
0.3,11.36,7,7,27.8,beginner
0.4,5.13,2,7,22.7,beginner
0.5,13.34,5,5,18.5,beginner
0.9,7.76,2,6,17.6,intermediate
0.8,5.13,2,3,29.2,intermediate
0.45,9.25,5,6,28.0,beginner
0.5,6.09,2,1,17.3,intermediate
0.4,14.61,14,7,16.9,beginner
0.7,12.54,1,3,20.5,intermediate
0.65,7.87,3,2,30.0,intermediate
0.8,4.84,2,4,12.7,intermediate
0.45,10.54,4,4,30.0,intermediate
0.7,6.87,2,5,22.9,intermediate
0.4,13.41,3,10,21.7,intermediate
0.7,11.46,2,5,20.7,beginner
0.65,2.42,2,5,26.7,beginner
0.85,6.4,1,6,23.2,advanced
0.9,3.58,1,5,30.0,advanced
0.6,5.3,6,7,29.9,intermediate
0.4,10.28,7,4,15.4,intermediate
0.8,7.23,1,3,30.0,advanced
0.45,5.45,10,2,20.2,intermediate
0.45,13.19,4,7,22.1,intermediate
1.0,7.73,1,4,30.0,intermediate
0.5,7.75,2,4,20.4,intermediate
0.25,7.84,4,9,27.1,beginner
0.8,4.22,2,6,29.3,advanced
0.65,11.81,4,2,22.6,intermediate
0.5,5.65,2,4,24.7,beginner
0.65,11.68,3,6,25.4,intermediate
0.55,6.88,2,4,17.8,intermediate
0.35,11.36,4,2,17.1,beginner
0.5,4.67,3,4,17.2,intermediate
0.35,9.72,6,5,20.2,intermediate
0.15,14.02,6,4,29.1,intermediate
0.6,5.25,2,4,27.1,intermediate
0.6,9.43,2,6,15.5,intermediate
0.45,10.34,1,3,20.4,intermediate
0.4,6.42,1,1,25.4,intermediate
0.45,15.17,6,6,25.5,beginner
0.65,5.4,6,4,16.9,intermediate
0.25,15.04,11,6,12.2,beginner
0.55,13.13,1,0,24.3,intermediate
0.65,12.38,2,4,28.0,intermediate
0.35,15.92,6,9,20.7,beginner
0.65,9.94,9,1,15.9,beginner
0.7,5.35,1,1,30.0,intermediate
0.6,8.91,2,7,21.6,beginner
0.75,6.93,0,2,28.0,advanced
0.65,6.55,0,7,19.3,intermediate
0.45,11.64,0,8,29.7,intermediate
0.65,15.55,2,6,28.1,intermediate
0.55,10.74,3,5,23.2,beginner
0.8,3.15,1,5,21.0,advanced
0.75,4.88,2,0,30.0,intermediate
0.8,9.1,0,6,29.8,intermediate
0.25,10.94,1,5,27.2,beginner
0.7,9.48,2,1,25.4,intermediate
0.85,5.7,2,3,24.9,intermediate
0.7,8.68,0,6,24.7,advanced
0.4,10.39,3,3,30.0,intermediate
0.7,4.73,2,3,23.1,intermediate
0.7,6.65,5,5,17.3,intermediate
0.4,7.1,6,2,19.2,intermediate
0.65,18.19,4,3,19.7,intermediate
0.55,6.76,1,5,30.0,intermediate
0.25,14.94,12,2,12.4,beginner
0.7,7.25,1,0,19.9,intermediate
0.95,3.05,0,5,30.0,advanced
0.4,12.56,10,6,27.0,beginner
0.65,13.52,5,4,27.1,intermediate
0.45,9.12,7,5,30.0,beginner
0.6,5.51,2,4,26.7,intermediate
0.6,7.74,4,6,23.5,intermediate
0.8,8.12,2,5,30.0,intermediate
0.8,13.73,3,0,16.1,intermediate
0.65,8.31,1,3,14.5,intermediate
0.25,14.88,5,3,26.5,beginner
0.8,7.17,5,5,28.4,advanced
0.65,5.24,7,5,29.9,intermediate
0.4,7.8,9,4,16.2,beginner
0.8,4.78,1,7,30.0,intermediate
0.65,4.55,2,5,28.9,intermediate
0.7,10.49,2,4,23.9,intermediate
0.45,10.2,2,4,24.0,intermediate
0.75,8.13,1,6,26.2,intermediate
0.65,2.29,3,4,21.8,advanced
0.55,15.88,3,3,22.0,intermediate
0.9,3.98,0,4,29.3,intermediate
0.8,17.98,5,2,20.7,intermediate
0.9,3.15,0,2,18.8,advanced
0.4,7.09,4,4,24.4,beginner
0.3,5.16,5,6,26.2,beginner
0.75,6.03,1,6,30.0,intermediate
0.75,4.1,1,3,29.6,advanced
0.9,3.66,0,4,30.0,advanced
0.5,5.69,6,5,28.7,intermediate
0.85,7.87,0,1,27.0,advanced
0.65,6.92,1,2,14.7,advanced
0.9,13.01,0,4,30.0,intermediate
0.55,5.95,2,3,19.1,intermediate
0.65,6.93,3,4,19.1,intermediate
0.75,5.18,1,3,17.2,intermediate
0.65,7.54,2,3,30.0,intermediate
0.7,5.9,1,6,27.7,beginner
0.55,8.78,4,5,18.3,intermediate
0.5,12.95,4,4,18.8,intermediate
0.7,9.01,2,6,26.0,advanced
0.6,7.02,3,6,25.8,intermediate
0.6,13.67,4,1,24.1,beginner
0.55,8.4,3,2,17.9,intermediate
0.4,9.91,5,4,23.1,beginner
0.45,8.96,5,8,17.2,beginner
0.75,5.79,1,4,30.0,intermediate
0.65,12.03,0,4,26.1,advanced
0.1,15.26,8,3,14.8,beginner
0.7,8.18,3,3,28.5,intermediate
0.6,6.57,3,4,27.2,intermediate
0.9,12.52,1,3,24.6,advanced
0.6,14.55,4,5,27.2,intermediate
0.35,7.83,7,4,25.8,beginner
0.35,11.75,6,4,27.1,beginner
0.4,8.13,5,6,27.5,intermediate
0.15,14.09,7,10,18.3,beginner
0.9,4.98,4,2,15.8,intermediate
0.45,11.85,3,5,23.1,beginner
0.5,11.96,0,2,27.0,intermediate
0.8,4.06,1,3,26.2,intermediate
0.75,3.29,1,1,10.2,intermediate
0.4,12.93,17,7,22.5,beginner
0.6,7.81,6,0,17.4,intermediate
0.45,17.93,4,3,27.2,intermediate
0.45,13.18,1,0,30.0,intermediate
0.3,19.08,9,7,17.9,beginner
0.35,10.91,4,4,23.2,beginner
0.6,6.31,1,2,25.4,advanced
0.55,4.54,2,1,27.7,intermediate
0.55,10.42,7,5,24.7,intermediate
0.35,8.73,5,10,21.6,intermediate
0.65,11.48,2,3,19.3,intermediate
0.8,4.71,1,4,30.0,advanced
0.45,8.13,2,2,26.1,intermediate
1.0,4.13,0,5,30.0,advanced
0.2,14.89,4,4,23.7,beginner
0.35,6.62,4,4,27.1,intermediate
0.6,12.34,1,3,17.1,intermediate
0.2,15.28,13,5,18.9,beginner
0.45,7.81,4,4,24.1,beginner
0.85,3.94,3,3,30.0,intermediate
0.8,5.83,2,2,30.0,advanced
0.8,9.34,1,4,29.5,intermediate
0.95,9.2,2,1,23.9,advanced
0.55,7.98,2,5,17.9,intermediate
0.4,18.71,6,3,17.2,intermediate
0.65,9.39,9,4,17.9,intermediate
0.3,15.75,6,5,5.0,beginner
0.7,9.4,4,4,17.2,beginner
0.45,9.25,5,7,25.5,intermediate
0.75,6.51,3,5,24.2,intermediate
0.75,3.88,1,3,22.5,intermediate
0.75,13.03,5,7,13.9,intermediate
0.5,7.37,1,4,29.1,intermediate
0.7,4.68,1,3,29.3,advanced
0.6,5.46,4,4,23.7,intermediate
0.65,7.33,1,3,10.9,intermediate
0.65,13.34,1,4,22.0,intermediate
0.7,13.78,0,0,28.2,intermediate
0.5,4.71,1,5,23.4,intermediate
0.8,5.39,0,7,27.5,advanced
0.6,5.16,5,2,28.8,intermediate
0.35,10.16,1,6,25.8,intermediate
0.6,9.54,8,3,27.2,intermediate
0.9,5.58,1,3,20.1,intermediate
0.85,6.91,1,2,18.1,intermediate
0.5,7.66,2,2,25.8,beginner
0.6,14.63,2,2,27.8,beginner
0.65,11.27,3,6,25.8,intermediate
0.4,14.32,7,4,21.8,beginner
0.6,3.14,1,5,22.1,intermediate
0.5,7.95,6,0,25.1,intermediate
0.25,26.37,8,6,22.3,beginner
0.55,11.63,3,4,27.4,advanced
0.1,5.85,7,5,30.0,beginner
0.5,8.2,3,2,17.3,intermediate
0.55,7.34,8,4,30.0,beginner
0.4,23.74,14,3,12.3,beginner
0.4,14.99,12,4,21.7,beginner
0.4,8.33,5,6,14.2,beginner
0.5,11.19,4,3,23.1,beginner
0.45,4.12,4,11,27.8,beginner
0.8,3.73,1,4,27.5,intermediate
0.8,7.72,2,4,30.0,intermediate
0.75,9.88,3,4,22.2,intermediate
0.5,4.9,4,3,10.1,intermediate
0.3,8.77,5,4,25.8,intermediate
0.9,6.09,1,2,29.6,advanced
0.6,5.66,3,3,19.7,intermediate
0.45,14.77,5,7,17.0,beginner
0.25,11.7,8,9,23.4,beginner
0.4,14.81,0,4,19.0,intermediate
0.35,8.64,4,0,24.9,intermediate
0.55,7.95,2,0,30.0,intermediate
0.65,8.7,2,8,30.0,intermediate
0.2,8.22,11,2,28.2,beginner
0.2,9.45,6,9,22.9,intermediate
0.9,5.78,3,5,27.0,intermediate
0.45,9.92,4,3,19.3,beginner
0.45,12.0,6,6,20.3,intermediate
0.15,18.18,9,5,23.9,beginner
0.85,4.94,3,4,24.0,advanced
0.4,12.02,13,7,23.1,beginner
0.8,10.99,2,4,20.0,intermediate
0.65,5.05,1,4,30.0,advanced
0.65,6.02,3,4,24.9,advanced
0.6,6.64,3,3,30.0,intermediate
0.5,11.87,5,7,16.2,intermediate
0.7,3.77,3,1,21.0,intermediate
0.55,16.12,5,5,30.0,intermediate
0.3,8.17,8,4,17.7,beginner
0.8,10.97,2,2,15.0,intermediate
0.7,5.32,2,4,19.4,intermediate
0.95,4.11,2,2,30.0,advanced
0.5,18.54,6,7,25.0,intermediate
0.45,13.0,3,8,18.2,intermediate
0.45,8.4,2,3,20.4,intermediate
0.65,10.8,2,5,27.7,intermediate
0.4,9.44,1,5,29.6,beginner
0.65,6.95,3,2,24.8,intermediate
0.75,5.71,3,3,28.2,intermediate
0.55,11.4,5,6,28.9,intermediate
0.45,8.67,7,4,30.0,intermediate
0.3,14.57,1,5,16.4,intermediate
0.6,6.66,3,3,20.6,intermediate
0.35,9.75,5,5,19.3,intermediate
0.7,9.34,1,5,29.9,intermediate
0.7,6.88,2,1,23.9,intermediate
0.9,4.97,1,4,29.1,advanced
0.45,9.54,4,1,23.1,advanced
0.4,13.68,3,6,22.1,intermediate
0.9,4.56,0,3,27.5,intermediate
0.55,8.42,2,6,29.4,intermediate
0.3,11.36,9,3,15.2,intermediate
0.7,8.72,1,8,25.0,intermediate
0.7,7.71,5,4,16.7,intermediate
0.65,12.42,3,6,27.0,intermediate
0.75,7.22,1,5,23.2,intermediate
0.5,6.79,1,3,30.0,intermediate
0.85,7.07,1,4,24.5,intermediate
0.45,6.34,5,0,19.4,beginner
0.9,3.74,0,4,25.9,intermediate
0.95,3.95,1,4,30.0,advanced
0.25,22.28,13,11,9.2,beginner
0.55,7.31,1,4,20.9,intermediate
0.65,7.85,3,9,22.9,beginner
0.8,9.96,1,6,22.0,intermediate
0.25,21.05,4,3,23.3,beginner
0.85,7.13,1,3,28.4,advanced
0.5,7.16,6,4,23.9,beginner
1.0,3.02,0,6,30.0,advanced
0.45,17.21,4,2,22.3,intermediate
0.55,9.51,2,4,15.5,intermediate
0.5,7.69,3,7,24.6,intermediate
0.6,11.21,4,7,12.7,intermediate
0.75,9.37,2,4,21.6,advanced
0.25,10.62,6,7,22.8,intermediate
0.45,9.32,1,2,30.0,intermediate
0.3,14.72,8,6,30.0,beginner
0.45,5.81,5,2,20.7,intermediate
0.5,8.13,1,4,18.7,beginner
0.55,5.4,3,5,27.2,intermediate
0.95,4.52,1,5,30.0,intermediate
0.7,6.28,1,4,30.0,intermediate
0.7,8.18,3,7,19.0,intermediate
0.6,6.81,1,5,23.6,intermediate
0.6,5.02,2,2,30.0,intermediate
0.65,8.07,4,4,29.6,intermediate
0.55,4.91,2,3,28.3,intermediate
0.9,6.14,1,3,24.9,advanced
0.3,17.74,12,6,24.1,beginner
0.25,10.29,5,4,27.2,beginner
0.55,7.15,2,3,18.8,beginner
0.7,9.56,0,5,30.0,intermediate
0.7,3.65,2,0,30.0,intermediate
0.65,7.75,0,3,21.4,intermediate
0.75,19.41,1,5,30.0,intermediate
0.85,7.65,1,3,28.9,intermediate
0.85,8.21,3,6,28.5,advanced
0.65,9.48,1,6,30.0,intermediate
0.3,20.98,4,5,20.6,intermediate
0.85,8.7,0,9,28.2,intermediate
0.6,3.65,6,1,8.4,intermediate
0.4,11.61,1,7,29.2,beginner
0.35,32.7,4,6,25.8,beginner
0.7,9.2,3,3,30.0,advanced
0.75,5.1,3,2,18.8,intermediate
0.7,8.88,3,3,29.7,intermediate
0.6,5.57,2,0,29.4,intermediate
0.8,12.14,1,3,20.2,intermediate
1.0,2.49,0,1,30.0,advanced
0.55,7.09,3,5,28.0,intermediate
0.65,4.93,4,2,15.4,intermediate
0.75,5.7,2,6,28.8,intermediate
0.9,7.32,2,1,24.6,advanced
0.55,8.58,0,2,13.7,intermediate
0.5,6.64,4,7,26.1,advanced
0.3,7.86,5,3,20.3,beginner
0.75,3.6,1,5,30.0,intermediate
0.45,6.12,3,3,23.6,intermediate
0.2,12.18,7,8,25.4,beginner
0.55,12.73,4,5,26.0,intermediate
0.65,5.06,2,3,30.0,intermediate
0.6,17.25,4,3,16.8,beginner
0.8,5.55,0,3,26.2,intermediate
0.7,6.6,0,5,24.1,intermediate
0.65,5.52,2,1,27.9,intermediate
0.65,10.93,1,7,25.8,intermediate
0.5,20.51,2,4,18.5,intermediate
0.15,6.33,7,6,18.7,intermediate
0.75,4.86,0,2,30.0,advanced
0.45,11.77,2,2,14.3,intermediate
0.45,5.54,2,3,27.1,beginner
0.9,5.22,0,0,30.0,advanced
0.9,6.57,0,6,30.0,advanced
0.45,9.79,6,3,30.0,intermediate
0.65,10.32,5,5,29.1,intermediate
0.45,19.33,3,6,24.0,beginner
1.0,7.16,0,4,28.0,advanced
0.7,6.04,3,5,28.6,intermediate
0.75,5.46,0,0,29.8,intermediate
0.35,8.8,7,1,20.4,beginner
0.8,9.26,1,1,21.2,advanced
0.65,6.12,2,3,15.0,beginner
0.35,8.88,4,4,23.5,intermediate
0.25,12.27,4,5,11.8,beginner
0.7,6.84,1,5,21.0,intermediate
0.5,9.47,3,2,8.8,beginner
0.55,14.72,2,6,30.0,advanced
0.25,11.75,7,6,27.3,intermediate
0.6,8.92,6,5,22.2,beginner
0.25,18.3,11,4,30.0,beginner
0.45,12.25,9,4,29.1,beginner
0.8,13.44,3,0,26.7,intermediate
0.55,8.89,3,4,22.9,intermediate
0.65,6.39,2,2,23.1,intermediate
0.45,5.6,2,6,25.1,intermediate
0.25,7.05,6,8,19.4,beginner
0.6,3.73,1,3,28.3,intermediate
0.55,7.17,1,3,29.8,advanced
0.4,6.58,7,3,20.2,intermediate
0.65,11.04,1,9,30.0,intermediate
0.65,6.64,1,4,24.3,intermediate
0.3,10.5,2,4,21.1,beginner
0.4,11.91,14,9,12.2,beginner
0.4,12.47,4,6,20.4,beginner
0.5,8.07,4,4,30.0,intermediate
0.75,5.37,0,3,19.1,intermediate
0.45,14.16,3,6,25.3,intermediate
0.5,11.1,4,8,19.5,intermediate
0.35,11.3,5,7,7.1,beginner
0.45,10.34,0,2,27.1,intermediate
0.65,12.75,11,5,16.7,beginner
0.8,8.25,2,4,26.8,intermediate
0.6,6.5,2,2,29.3,intermediate
0.9,9.8,1,7,29.9,advanced
0.65,6.22,1,3,26.4,intermediate
0.35,22.11,8,7,14.7,beginner
0.6,8.71,2,5,26.9,intermediate
0.35,20.09,14,10,17.4,beginner
1.0,6.93,0,4,15.4,advanced
0.55,12.72,2,4,28.4,intermediate
0.3,12.81,14,2,24.2,beginner
0.35,18.17,13,1,29.1,beginner
0.2,25.37,9,4,30.0,beginner
0.95,3.91,0,1,30.0,advanced
0.4,10.91,4,4,24.5,intermediate
0.35,8.57,1,3,28.4,intermediate
0.65,5.84,5,9,20.3,intermediate
0.8,11.48,2,0,16.0,intermediate
0.35,9.1,9,5,17.0,beginner
0.75,4.53,0,4,30.0,advanced
0.55,12.62,3,4,21.0,intermediate
0.25,14.96,9,7,23.3,intermediate
0.25,23.27,4,4,24.6,intermediate
0.65,7.18,2,3,25.0,intermediate
0.95,4.49,3,7,21.7,advanced
0.3,9.72,9,5,22.4,beginner
0.55,8.26,0,5,21.6,intermediate
0.8,3.53,2,5,30.0,intermediate
0.95,7.03,1,6,30.0,intermediate
0.3,14.06,3,5,17.8,beginner
0.45,11.16,2,2,30.0,beginner
0.7,5.07,1,5,28.8,intermediate
0.5,7.63,6,6,11.7,intermediate
0.7,8.62,2,5,25.1,intermediate
0.55,6.35,1,2,30.0,intermediate
0.55,9.4,2,4,19.2,intermediate
0.65,17.25,2,5,23.2,intermediate
0.5,15.91,2,6,14.4,intermediate
0.55,5.61,2,3,15.3,intermediate
0.7,6.32,2,3,19.4,intermediate
0.7,7.79,2,1,18.1,intermediate
0.35,11.33,5,6,17.1,beginner
0.6,4.84,5,4,30.0,intermediate
0.8,8.28,2,3,24.6,intermediate
0.55,9.45,2,3,27.3,intermediate
0.55,13.74,2,4,30.0,intermediate
0.8,6.34,2,6,18.6,intermediate
0.9,7.63,0,3,22.9,intermediate
0.75,5.48,0,0,28.0,intermediate
0.75,6.05,2,4,19.5,intermediate
0.45,9.0,1,3,29.4,intermediate
0.7,10.13,1,8,30.0,intermediate
0.6,6.28,2,4,14.5,intermediate
0.6,8.66,3,3,21.3,intermediate
0.45,4.49,4,1,23.6,intermediate
0.6,8.68,4,6,19.6,intermediate
0.5,11.52,1,5,19.7,intermediate
0.65,6.76,1,5,21.2,intermediate
1.0,4.34,1,7,28.4,advanced
0.7,4.22,2,3,27.1,advanced
0.1,8.8,9,4,27.0,intermediate
0.45,20.7,5,6,21.0,intermediate
0.4,10.23,4,7,28.8,intermediate
0.5,7.09,2,6,18.5,intermediate
0.5,7.36,2,2,16.6,intermediate
0.55,5.63,2,2,20.4,intermediate
0.15,9.0,10,4,22.7,beginner
0.4,20.93,9,4,25.0,beginner
0.3,8.22,4,5,30.0,intermediate
0.6,17.46,1,5,24.7,beginner
0.75,6.89,2,8,29.5,intermediate
0.5,7.88,5,3,30.0,intermediate
0.25,15.4,9,3,15.6,beginner
0.5,3.39,5,5,22.1,intermediate
0.55,8.12,4,1,30.0,intermediate
0.25,10.08,3,4,27.0,beginner
0.5,15.77,1,5,25.7,intermediate
0.6,11.14,5,6,29.4,intermediate
0.3,7.68,7,5,12.9,intermediate
0.55,16.9,6,8,17.4,beginner
0.8,6.39,0,2,19.1,intermediate
0.3,8.69,8,2,23.1,beginner
0.7,6.24,2,3,24.5,intermediate
0.8,6.13,2,6,26.3,advanced
0.75,9.3,1,2,25.5,advanced
0.75,9.07,4,1,14.2,intermediate
0.6,8.75,5,2,29.2,intermediate
0.75,11.19,2,4,13.3,intermediate
0.55,11.51,2,0,19.8,intermediate
0.6,9.07,2,0,17.4,intermediate
0.65,10.33,0,3,20.8,intermediate
0.6,14.05,5,6,22.2,beginner
0.5,10.44,1,5,29.6,beginner
0.45,13.96,2,7,13.6,intermediate
0.45,9.62,5,5,18.8,beginner
0.45,13.12,10,4,9.4,beginner
0.7,12.07,1,6,22.0,intermediate
0.9,6.75,0,1,30.0,advanced
0.65,8.15,2,8,28.4,intermediate
0.35,10.02,5,7,8.0,intermediate
0.7,10.35,0,4,29.5,advanced
0.6,12.11,4,3,17.0,beginner
0.75,8.11,0,4,17.5,intermediate
0.4,6.84,2,7,24.8,intermediate
0.45,10.69,4,7,26.3,beginner
0.75,7.29,3,2,24.1,intermediate
0.8,5.12,1,4,19.3,intermediate
0.75,7.13,1,5,24.8,intermediate
0.5,9.55,5,4,18.9,beginner
0.6,9.35,4,3,25.2,beginner
0.7,6.6,1,1,30.0,advanced
0.4,18.81,5,4,26.6,beginner
0.45,12.48,3,4,23.0,intermediate
0.85,5.39,1,3,30.0,intermediate
0.5,10.04,2,2,18.2,intermediate
0.8,7.14,1,3,30.0,intermediate
0.75,5.08,2,1,18.0,intermediate
0.55,15.92,7,3,7.9,beginner
0.5,8.4,2,6,30.0,intermediate
0.8,15.42,2,4,21.9,intermediate
0.6,12.09,2,8,25.5,intermediate
0.4,13.84,4,3,15.2,intermediate
0.65,9.06,3,6,30.0,intermediate
0.85,6.2,2,3,30.0,intermediate
0.25,8.29,5,9,30.0,beginner
0.4,5.96,5,5,21.8,intermediate
0.8,4.23,2,5,30.0,intermediate
0.7,6.98,0,9,24.7,intermediate
0.7,3.88,2,4,30.0,intermediate
0.4,7.06,1,5,21.0,intermediate
0.7,6.07,4,6,30.0,intermediate
0.4,8.16,5,7,20.4,intermediate
0.85,5.19,2,4,23.6,intermediate
0.85,4.55,0,3,25.0,advanced
0.5,14.01,2,4,25.5,intermediate
0.65,9.83,6,6,21.9,intermediate
0.65,6.78,4,3,26.7,intermediate
0.8,6.5,3,3,22.7,intermediate
0.45,9.22,2,3,27.4,intermediate
0.25,11.52,19,1,27.7,beginner
0.7,5.49,0,5,25.4,intermediate
0.9,7.19,2,4,30.0,advanced
0.6,6.35,2,1,30.0,intermediate
0.25,7.21,7,1,30.0,beginner
0.6,8.33,5,3,23.2,intermediate
0.5,10.31,3,1,12.2,beginner
0.3,5.74,8,6,16.7,beginner
0.85,6.05,2,4,22.6,advanced
0.65,11.45,3,2,17.8,intermediate
1.0,6.58,0,1,13.9,intermediate
0.4,23.65,10,7,27.5,intermediate
0.25,16.12,3,5,10.6,beginner
0.35,17.82,9,6,27.1,intermediate
0.3,21.72,3,3,30.0,intermediate
0.4,11.25,3,5,18.7,intermediate
0.7,8.6,3,1,26.2,advanced
0.7,10.51,4,7,22.2,intermediate
0.55,7.03,6,9,28.4,intermediate
0.5,12.0,6,4,13.7,intermediate
0.8,3.88,0,2,27.5,advanced
0.85,7.15,2,1,30.0,intermediate
1.0,3.46,0,1,28.9,advanced
0.65,5.91,1,6,14.8,intermediate
0.7,6.46,2,9,30.0,advanced
0.4,8.57,2,5,15.2,beginner
0.9,3.04,0,3,27.0,intermediate
0.7,3.94,0,5,29.2,intermediate
0.4,6.31,5,3,23.3,intermediate
0.55,5.67,2,3,30.0,intermediate
0.75,6.03,0,8,30.0,advanced
0.65,8.35,6,5,23.1,advanced
0.8,10.7,5,4,28.3,intermediate
0.85,6.99,0,7,28.7,intermediate
0.7,10.41,1,6,25.2,intermediate
0.7,7.65,2,5,27.7,intermediate
0.35,11.83,6,1,18.7,beginner
0.5,16.9,9,4,22.2,beginner
0.7,10.32,2,4,21.5,intermediate
0.6,10.53,2,7,11.4,intermediate
0.75,10.41,0,3,30.0,advanced
0.9,2.82,0,3,22.5,intermediate
0.95,4.01,3,5,29.9,advanced
0.55,8.55,3,5,18.0,intermediate
0.8,10.11,2,4,21.1,intermediate
0.25,19.98,7,7,14.6,beginner
0.75,4.54,5,3,30.0,intermediate
0.8,12.1,1,4,30.0,intermediate
0.8,3.14,0,6,28.6,advanced
0.45,5.29,2,5,20.9,intermediate
0.7,8.17,5,1,13.0,beginner
0.55,6.78,3,3,29.2,intermediate
0.5,5.9,5,3,17.9,beginner
0.6,16.49,11,8,13.0,beginner
0.85,6.96,0,4,27.4,intermediate
0.7,10.66,3,1,22.7,intermediate
0.7,6.07,0,6,16.0,intermediate
0.55,7.37,3,3,16.3,advanced
0.45,9.14,3,3,24.8,intermediate
0.75,11.63,3,0,21.9,intermediate
0.35,4.0,4,3,24.5,beginner
0.45,8.0,6,1,22.0,intermediate
0.6,6.68,1,4,30.0,intermediate
0.8,4.24,0,8,21.2,advanced
0.5,8.1,5,2,24.5,beginner
0.6,7.77,2,2,27.7,intermediate
0.65,6.13,4,3,20.5,intermediate
0.5,9.45,2,3,29.5,beginner
0.6,11.66,2,6,12.7,intermediate
0.5,6.17,2,6,20.5,advanced
0.6,7.07,5,4,13.5,intermediate
0.75,6.53,2,3,20.8,intermediate
0.4,10.07,7,4,21.1,intermediate
0.3,5.83,7,5,26.5,intermediate
0.75,8.14,1,3,24.3,intermediate
0.7,7.59,0,9,19.5,intermediate
0.55,13.32,0,4,14.1,intermediate
0.3,13.62,8,3,13.9,intermediate
0.55,13.57,3,1,24.8,intermediate
0.75,3.96,4,5,30.0,advanced
0.4,8.47,3,3,19.9,beginner
0.35,8.41,8,7,27.1,beginner
0.65,4.68,0,2,20.8,intermediate
0.5,13.98,2,4,20.6,intermediate
0.6,15.17,2,4,21.1,intermediate
0.95,2.88,1,4,30.0,advanced
0.6,6.57,8,3,25.1,intermediate
0.55,8.58,2,7,12.4,intermediate
0.25,14.32,9,3,26.5,beginner
0.75,3.41,0,2,30.0,intermediate
0.9,2.49,1,6,27.7,advanced
0.55,10.95,2,3,17.4,intermediate
0.55,4.07,6,7,29.1,intermediate
0.75,6.73,6,4,30.0,intermediate
0.75,7.09,2,5,30.0,advanced
0.5,9.34,7,5,14.2,intermediate
0.3,10.79,8,3,25.5,beginner
0.7,5.77,3,5,28.1,intermediate
0.55,12.35,3,5,17.1,beginner
0.3,13.29,5,9,28.2,beginner
0.5,9.4,8,2,23.3,beginner
0.7,7.22,1,1,30.0,intermediate
0.6,10.13,6,2,16.8,intermediate
0.55,13.17,3,2,27.3,intermediate
0.5,10.7,5,1,18.5,intermediate
0.7,10.22,1,4,27.0,advanced
0.3,7.64,4,5,30.0,intermediate
0.85,5.17,2,4,17.6,intermediate
0.55,7.57,4,3,15.6,intermediate
0.95,4.02,1,4,30.0,advanced
0.6,6.15,5,3,23.1,intermediate
0.55,11.84,4,4,30.0,intermediate
1.0,5.05,1,3,25.7,advanced
0.3,8.65,6,4,22.7,intermediate
0.2,13.96,5,7,25.3,intermediate
0.75,6.91,1,8,27.2,intermediate
0.45,11.89,2,9,12.0,intermediate
0.45,5.02,2,5,30.0,intermediate
0.65,8.42,2,4,24.4,intermediate
0.7,7.48,3,8,16.4,intermediate
0.3,16.68,9,5,21.5,beginner
0.85,4.67,2,4,29.3,advanced
0.65,3.08,4,1,30.0,intermediate
0.65,6.54,5,3,28.1,intermediate
0.5,8.85,2,3,21.7,intermediate
0.6,8.69,2,7,13.1,intermediate
0.7,18.52,5,4,24.6,intermediate
0.7,10.56,4,6,13.5,intermediate
0.7,5.68,1,3,30.0,advanced
0.55,8.48,3,3,19.0,intermediate
0.55,12.35,4,5,27.4,intermediate
0.7,4.6,1,7,23.0,advanced
0.5,8.54,3,4,20.1,intermediate
0.45,6.87,3,5,17.2,beginner
0.8,10.22,0,2,30.0,intermediate
0.4,14.13,10,5,16.6,beginner
0.65,5.74,1,4,29.3,intermediate
0.85,5.65,0,2,23.1,advanced
0.6,8.97,0,5,23.2,intermediate
0.75,5.57,0,0,26.6,intermediate
0.4,8.61,3,7,22.7,beginner
0.9,6.12,2,4,18.8,advanced
0.4,11.81,5,8,25.9,beginner
0.8,8.07,4,3,21.2,beginner
0.75,7.1,3,8,26.9,intermediate
0.45,5.97,9,6,22.4,beginner
0.65,9.28,0,4,26.5,intermediate
0.35,9.74,5,7,19.3,intermediate
0.55,6.97,1,0,19.5,intermediate
0.2,16.55,12,6,20.9,beginner
0.7,15.38,5,6,17.7,beginner
0.6,8.16,0,3,30.0,intermediate
0.3,19.24,9,6,18.5,beginner
0.65,9.2,2,4,13.8,intermediate
0.45,11.15,8,7,15.9,beginner
0.65,5.61,2,0,17.9,intermediate
0.5,6.93,4,1,29.9,intermediate
0.85,6.31,1,4,30.0,intermediate
0.55,7.3,5,4,22.1,beginner
0.45,10.77,6,3,23.5,beginner
1.0,3.92,1,3,26.7,advanced
0.35,5.93,6,5,26.8,beginner
0.7,12.39,4,4,25.8,intermediate
0.75,5.83,1,1,29.5,intermediate
0.35,7.25,2,3,21.2,intermediate
0.8,4.71,1,3,21.5,intermediate
0.75,7.54,1,5,29.8,intermediate
0.5,12.48,3,5,30.0,intermediate
0.5,7.16,2,2,30.0,intermediate
0.65,6.92,0,5,30.0,intermediate
0.25,19.21,6,4,20.7,intermediate
0.8,4.03,1,5,18.6,intermediate
0.6,16.24,2,0,18.5,intermediate
0.5,18.99,2,2,30.0,intermediate
0.6,2.74,4,1,13.9,intermediate
0.85,5.52,0,3,30.0,advanced
0.35,10.78,14,5,14.6,beginner
0.6,7.47,2,6,30.0,intermediate
0.6,6.83,9,2,23.7,intermediate
0.4,14.78,3,4,25.5,beginner
0.45,10.61,5,6,30.0,beginner
0.5,6.88,2,6,20.6,beginner
0.55,6.42,1,5,23.3,advanced
0.4,13.18,5,7,17.1,beginner
0.75,5.99,1,3,16.9,beginner
0.2,8.64,12,9,16.4,beginner
0.4,22.1,1,5,17.9,beginner
0.5,7.08,3,5,15.6,intermediate
0.55,8.14,2,8,22.2,intermediate
0.55,8.15,4,4,25.3,intermediate
0.65,9.98,2,6,18.4,intermediate
0.75,10.78,1,3,25.8,intermediate
0.35,17.35,7,3,27.5,beginner
0.45,5.77,3,4,13.7,intermediate
0.4,6.19,4,3,30.0,intermediate
0.65,7.3,4,4,19.5,beginner
0.55,7.9,3,4,24.5,intermediate
0.5,4.4,1,3,30.0,intermediate
0.4,11.44,2,3,30.0,intermediate
0.7,4.55,1,1,28.4,advanced
0.65,14.06,2,3,19.5,intermediate
0.8,9.84,1,2,23.0,intermediate
0.85,4.05,0,7,25.6,advanced
0.45,10.83,2,2,30.0,intermediate
0.6,4.64,1,8,22.7,intermediate
0.65,11.51,7,3,24.7,intermediate
0.15,9.17,6,2,15.1,intermediate
0.85,4.57,2,6,18.6,intermediate
0.85,5.9,0,6,25.9,intermediate
0.6,5.66,0,4,23.6,intermediate
0.55,7.75,2,2,21.8,intermediate
0.3,16.3,9,4,11.9,beginner
0.45,7.56,3,8,21.7,beginner
0.7,13.71,0,3,30.0,intermediate
0.3,7.65,6,1,15.3,beginner
0.15,26.53,11,5,24.0,beginner
0.55,5.49,3,3,5.0,intermediate
0.85,6.62,1,2,20.8,intermediate
0.55,8.31,1,4,10.7,intermediate
0.75,6.34,2,6,30.0,intermediate
0.8,7.04,3,6,30.0,advanced
0.6,11.86,0,1,18.9,intermediate
0.35,14.78,1,7,24.0,beginner
0.2,11.13,3,5,27.2,beginner
0.6,11.32,7,6,29.7,intermediate
0.35,9.48,5,1,17.8,beginner
0.65,4.84,0,6,12.1,intermediate
0.95,4.15,0,7,20.8,advanced
0.25,11.0,12,5,24.6,beginner
0.25,17.04,16,6,30.0,beginner
0.85,2.12,0,5,29.3,advanced
0.75,6.81,0,3,21.6,intermediate
0.55,16.87,3,3,30.0,beginner
0.85,7.05,2,7,30.0,advanced
0.95,4.15,1,2,20.5,advanced
0.65,5.12,4,4,22.9,intermediate
0.65,9.67,0,10,29.8,intermediate
0.55,3.83,4,2,22.9,intermediate
0.65,10.56,0,6,29.7,beginner
0.7,6.74,1,7,15.2,intermediate
0.6,16.47,4,3,14.7,intermediate
0.6,4.03,0,6,20.3,intermediate
0.5,13.17,1,1,20.8,intermediate
0.55,8.42,3,4,25.3,beginner
0.5,8.0,3,6,26.8,intermediate
0.75,4.54,0,3,30.0,intermediate
0.85,5.76,1,5,24.2,advanced
0.7,9.48,1,5,22.7,intermediate
0.65,14.7,3,1,19.9,intermediate
0.7,11.36,0,4,30.0,intermediate
0.55,6.56,4,4,30.0,intermediate
0.5,6.23,3,4,20.4,intermediate
0.6,5.36,3,8,30.0,intermediate
0.65,10.34,1,5,22.0,intermediate
0.45,6.21,6,3,30.0,intermediate
0.85,10.86,0,2,30.0,advanced
0.5,10.52,4,3,15.1,intermediate
0.75,7.41,4,2,29.1,intermediate
0.8,9.06,2,2,5.7,beginner
0.75,9.14,3,1,29.8,intermediate
0.65,8.32,5,7,17.0,intermediate
0.7,6.36,0,3,28.3,intermediate
0.25,16.21,8,5,24.6,beginner
0.75,5.61,1,5,30.0,advanced
0.7,5.11,1,5,30.0,intermediate
0.8,8.47,2,4,25.6,intermediate
0.3,13.18,4,6,17.2,beginner
0.6,7.77,0,4,25.3,advanced
0.5,9.5,6,7,14.5,beginner
0.55,5.5,2,3,22.3,beginner
0.65,14.47,4,4,22.4,advanced
0.9,9.23,0,3,22.7,advanced
0.4,19.68,13,9,8.5,beginner
0.45,7.8,2,2,15.4,intermediate
0.55,7.68,7,1,5.0,intermediate
0.65,9.84,1,6,24.5,advanced
0.65,7.76,3,4,25.4,intermediate
0.55,6.4,3,5,7.9,intermediate
0.6,16.92,3,5,24.6,intermediate
0.3,10.16,6,9,21.1,intermediate
0.7,12.96,3,7,18.1,intermediate
0.7,4.3,3,3,22.5,intermediate
0.65,11.74,3,3,28.6,beginner
0.7,15.24,1,6,18.8,advanced
0.75,5.41,2,5,27.9,advanced
0.6,6.48,2,5,27.1,intermediate
0.35,9.04,11,3,14.5,beginner
0.55,16.55,9,5,27.1,beginner
0.6,6.24,2,5,26.2,intermediate
0.6,7.96,3,1,22.3,beginner
1.0,2.61,0,5,30.0,advanced
0.35,18.46,7,2,27.6,intermediate
0.75,7.75,1,1,17.6,intermediate
0.75,6.54,1,9,23.3,advanced
0.75,4.5,0,5,30.0,intermediate
0.8,11.56,3,6,19.6,intermediate
0.5,8.38,7,4,22.9,intermediate
0.6,4.98,3,4,30.0,intermediate
0.65,4.4,4,4,27.8,intermediate
0.6,5.79,1,4,29.6,intermediate
0.8,3.25,2,7,30.0,advanced
0.65,5.22,2,5,25.9,intermediate
0.3,14.54,7,3,16.4,beginner
0.55,7.22,2,4,26.4,intermediate
0.85,7.48,2,4,23.2,intermediate
0.4,7.96,4,6,19.0,beginner
0.5,10.22,1,6,30.0,beginner
0.5,17.6,0,2,20.7,intermediate
0.4,8.5,3,3,30.0,intermediate
0.65,7.12,2,2,27.7,advanced
0.7,5.16,1,0,22.1,intermediate
0.5,16.84,5,4,11.3,beginner
0.5,5.71,1,6,30.0,intermediate
0.8,8.37,2,3,26.7,advanced
0.7,5.97,1,4,12.5,intermediate
0.5,11.07,5,3,29.0,beginner
0.5,13.76,11,6,21.1,beginner
0.45,7.88,1,4,17.2,intermediate
0.75,8.9,2,3,30.0,intermediate
0.7,6.2,4,1,8.6,intermediate
0.45,14.58,3,6,16.9,beginner
0.65,7.41,2,3,21.7,intermediate
0.5,7.44,2,6,30.0,advanced
0.35,8.8,3,7,30.0,intermediate
0.75,7.29,3,9,23.5,intermediate
0.45,8.94,6,2,22.6,beginner
0.95,5.11,0,4,30.0,intermediate
0.45,9.83,3,4,22.4,intermediate
0.5,8.25,9,3,24.9,intermediate
0.95,5.06,1,5,20.3,advanced
1.0,4.52,0,6,30.0,advanced
0.85,4.49,0,8,22.8,advanced
0.9,4.88,1,3,29.5,advanced
0.7,5.47,0,3,25.7,advanced
0.1,29.05,5,10,20.5,beginner
0.25,19.85,9,8,16.8,beginner
0.35,12.26,4,6,22.6,intermediate
0.8,11.81,1,4,30.0,intermediate
0.3,8.41,13,9,30.0,beginner
0.5,4.12,4,5,21.0,intermediate
0.7,7.64,4,6,20.5,intermediate
0.55,5.71,10,4,17.9,intermediate
0.55,9.75,7,3,30.0,beginner
0.6,8.15,4,4,25.2,intermediate
0.45,13.4,9,3,29.0,beginner
0.7,4.71,1,2,29.3,intermediate
0.8,7.54,1,4,30.0,intermediate
0.5,8.04,3,2,22.5,intermediate
0.5,8.57,1,6,17.8,intermediate
0.5,6.1,4,4,30.0,intermediate
0.7,12.66,2,5,29.6,intermediate
0.6,8.27,2,5,26.1,intermediate
0.65,15.78,1,3,30.0,intermediate
0.25,9.93,9,5,22.9,beginner
0.9,6.79,0,4,30.0,advanced
0.4,11.3,6,3,22.3,beginner
0.85,5.65,0,6,30.0,advanced
0.5,15.91,8,4,23.2,beginner
0.3,8.9,2,5,20.2,intermediate
0.95,2.66,2,6,24.2,intermediate
0.5,3.83,4,3,18.8,beginner
0.55,14.52,4,5,24.3,intermediate
0.75,10.68,1,4,22.5,intermediate
0.5,17.08,2,2,25.8,intermediate
0.35,10.17,4,4,24.3,intermediate
0.8,4.26,1,5,26.8,intermediate
0.8,5.35,1,3,27.5,advanced
0.6,8.63,5,2,20.0,intermediate
0.55,5.58,3,3,22.4,intermediate
0.8,11.66,2,7,15.7,intermediate
0.55,17.46,3,3,23.3,intermediate
0.4,16.55,3,3,13.3,beginner
0.95,5.11,1,6,28.4,advanced
0.9,3.9,1,2,22.0,advanced
0.8,9.88,2,1,14.5,intermediate
0.5,8.22,1,6,30.0,intermediate
0.4,10.69,10,4,19.3,intermediate
0.6,8.89,1,2,30.0,intermediate
0.85,4.64,1,2,23.8,intermediate
0.85,6.39,2,4,30.0,intermediate
0.55,4.97,1,3,16.8,beginner
0.25,19.85,14,7,20.5,beginner
0.85,4.63,1,5,21.8,advanced
0.6,13.62,2,1,30.0,intermediate
0.9,5.05,1,4,25.8,advanced
0.3,13.52,10,5,24.1,beginner
0.55,5.86,3,6,25.7,intermediate
0.35,16.67,7,6,19.8,beginner
0.7,5.03,2,3,28.5,intermediate
0.6,8.32,3,6,30.0,beginner
0.5,10.82,5,4,25.4,beginner
0.55,7.45,4,2,25.9,advanced
0.55,4.65,2,6,26.6,intermediate
0.45,8.41,4,5,30.0,intermediate
0.7,9.08,4,7,22.8,intermediate
0.75,5.7,2,5,14.6,intermediate
0.75,6.15,1,3,19.0,intermediate
0.35,13.71,9,11,13.7,beginner
0.75,8.71,4,6,17.6,advanced
0.15,7.6,4,4,16.3,intermediate
0.65,6.16,2,3,26.0,intermediate
0.75,12.15,4,6,24.9,intermediate
0.35,8.96,12,7,21.3,beginner
0.9,3.71,0,6,25.1,advanced
0.85,3.95,0,2,30.0,intermediate
0.5,15.72,3,5,24.2,beginner
0.65,8.15,2,2,30.0,intermediate
0.45,6.08,1,2,28.9,intermediate
0.55,7.94,6,2,22.2,intermediate
0.85,3.97,1,4,30.0,intermediate
0.75,5.17,1,2,26.3,intermediate
0.4,6.0,2,10,26.9,beginner
0.9,3.16,2,6,30.0,advanced
0.4,15.79,2,3,21.5,intermediate
0.35,5.42,5,3,25.8,intermediate
0.3,14.07,2,4,19.8,beginner
0.45,6.53,5,2,18.1,advanced
0.25,15.15,8,4,7.9,intermediate
0.55,9.47,11,4,15.3,beginner
0.75,7.39,0,7,26.0,intermediate
0.35,11.34,2,4,27.7,beginner
0.4,24.83,6,5,26.1,beginner
0.9,7.09,0,4,25.2,intermediate
0.55,8.12,2,3,18.0,intermediate
0.85,7.2,0,4,25.9,advanced
0.65,16.03,2,5,18.6,intermediate
0.5,5.14,4,5,10.2,intermediate
0.6,5.93,2,4,14.8,intermediate
0.25,9.74,8,4,29.8,intermediate
0.85,5.4,2,8,30.0,intermediate
0.65,8.02,4,10,27.5,intermediate
0.95,2.5,0,6,29.7,advanced
0.7,13.15,1,3,15.6,intermediate
0.65,5.76,5,1,21.6,beginner
0.6,7.53,5,2,27.6,intermediate
0.55,11.6,4,1,28.9,intermediate
0.3,12.44,7,5,24.3,beginner
0.7,5.56,1,3,30.0,intermediate
0.85,3.33,0,2,30.0,advanced
0.55,8.47,4,4,20.4,intermediate
0.85,4.42,0,7,30.0,advanced
0.55,9.56,2,5,11.0,intermediate
0.85,3.28,2,3,22.8,intermediate
0.35,10.8,3,4,25.1,intermediate
0.95,4.48,0,3,30.0,advanced
0.6,8.85,1,2,22.6,intermediate
0.75,12.66,3,4,21.4,intermediate
0.4,8.65,5,6,30.0,intermediate
0.5,6.71,2,5,20.1,intermediate
0.75,6.37,1,2,18.2,intermediate
0.75,5.67,4,2,30.0,intermediate
0.85,5.25,1,4,30.0,advanced
0.9,4.7,1,4,30.0,intermediate
0.5,3.52,0,3,26.1,intermediate
0.8,4.94,0,3,18.2,intermediate
0.5,9.17,1,1,24.4,intermediate
0.85,5.52,0,6,18.5,intermediate
0.5,18.81,10,3,21.7,beginner
0.25,25.74,7,6,23.8,beginner
0.45,12.9,2,3,28.6,intermediate
0.8,8.63,1,5,26.9,intermediate
0.75,9.06,4,3,29.7,intermediate
0.3,21.9,11,4,15.1,beginner
0.5,12.29,1,3,30.0,intermediate
0.45,14.04,3,3,26.1,beginner
0.75,7.26,0,6,22.1,intermediate
0.6,6.88,0,5,27.9,advanced
0.45,8.26,5,4,30.0,intermediate
0.4,7.71,3,4,23.8,intermediate
0.3,19.93,9,9,13.1,beginner
0.8,5.16,2,3,26.7,intermediate
0.15,11.13,8,6,23.9,beginner
0.65,3.08,2,7,20.1,intermediate
0.75,9.68,1,2,21.5,intermediate
0.8,5.55,1,1,29.6,advanced
0.25,14.33,6,3,25.3,beginner
0.7,13.05,3,8,30.0,intermediate
0.7,7.48,1,2,29.5,intermediate
0.65,10.32,1,7,18.9,advanced
0.65,5.78,1,3,30.0,intermediate
0.7,15.39,3,6,30.0,intermediate
0.55,10.95,4,2,12.5,intermediate
0.55,12.31,7,9,14.8,intermediate
0.8,11.5,1,8,22.2,advanced
0.65,4.09,3,4,30.0,intermediate
0.6,6.74,1,3,10.3,intermediate
0.4,21.51,6,6,19.1,beginner
0.75,4.29,4,6,28.4,intermediate
0.8,6.84,0,2,10.0,advanced
0.65,8.47,2,2,29.6,intermediate
0.4,20.21,4,2,27.2,intermediate
0.75,3.75,1,2,20.7,advanced
0.6,13.4,3,5,17.5,intermediate
0.55,6.69,1,9,18.7,intermediate
0.85,6.19,1,2,8.8,intermediate
0.45,6.47,4,4,20.2,intermediate
0.75,5.14,4,7,25.9,intermediate
0.6,7.61,1,2,18.3,intermediate
0.45,4.98,0,7,30.0,intermediate
0.9,7.13,1,3,27.8,advanced
0.9,4.55,2,7,28.4,advanced
0.6,6.06,2,6,20.3,intermediate
0.8,4.75,1,3,30.0,advanced
0.65,7.22,2,4,30.0,intermediate
0.6,7.41,1,4,21.4,intermediate
0.3,9.46,3,2,27.2,intermediate
0.75,11.13,4,5,27.9,intermediate
0.7,11.28,4,4,26.8,intermediate
0.45,7.66,3,4,30.0,intermediate
0.65,5.1,2,4,20.4,intermediate
0.65,7.5,1,3,22.3,intermediate
0.75,8.07,0,2,20.7,intermediate
0.6,3.74,3,0,30.0,intermediate
0.75,4.92,0,5,23.9,intermediate
0.6,7.32,7,6,18.4,intermediate
0.65,8.71,8,3,30.0,intermediate
0.8,4.38,0,4,30.0,advanced
0.5,15.73,9,2,18.4,beginner
0.25,7.9,13,5,11.1,beginner
0.5,4.97,6,3,30.0,intermediate
0.7,7.73,4,3,26.1,intermediate
0.55,8.46,5,1,25.5,intermediate
0.25,7.21,5,5,21.2,beginner
0.9,5.26,1,1,21.0,intermediate
0.15,9.53,5,2,18.8,beginner
0.9,4.52,0,2,30.0,intermediate
0.8,5.77,0,5,24.6,advanced
0.35,9.47,6,3,23.2,beginner
0.35,19.03,7,9,21.1,beginner
0.35,9.07,0,2,18.0,intermediate
0.5,5.59,3,3,30.0,intermediate
1.0,4.05,1,4,30.0,advanced
0.75,6.83,1,5,27.7,advanced
0.5,14.94,2,8,25.6,beginner
0.45,8.87,4,2,10.6,beginner
0.4,13.78,3,3,18.7,intermediate
0.6,7.09,1,5,16.0,intermediate
1.0,7.61,1,6,29.6,advanced
0.45,14.6,7,4,24.7,intermediate
0.45,12.18,8,5,21.8,beginner
0.45,9.87,5,9,28.5,intermediate
0.4,16.9,7,5,10.1,beginner
0.9,6.25,2,7,20.8,intermediate
0.65,15.63,2,5,25.8,intermediate
0.3,9.98,2,5,23.9,intermediate
0.7,6.67,1,4,16.5,intermediate
0.8,7.46,4,5,30.0,intermediate
0.8,4.0,0,4,30.0,advanced
0.85,6.02,3,2,30.0,advanced
0.5,7.36,5,6,13.2,intermediate
0.3,19.54,9,3,20.6,beginner
0.9,4.95,3,6,26.3,intermediate
0.85,4.97,0,2,26.8,advanced
0.9,9.63,1,6,30.0,intermediate
0.4,4.23,5,1,22.3,intermediate
0.9,13.76,0,2,30.0,intermediate
0.35,11.22,6,4,24.5,beginner
0.7,6.11,1,8,28.4,intermediate
0.5,11.92,1,1,27.8,intermediate
0.75,8.18,2,2,30.0,intermediate
0.45,9.88,5,6,28.4,intermediate
0.9,7.97,2,3,26.6,intermediate
0.6,8.65,1,2,20.9,intermediate
0.6,17.7,1,1,15.7,intermediate
0.3,10.52,3,3,8.6,intermediate
0.7,13.88,4,5,26.2,intermediate
0.75,9.12,0,3,23.3,intermediate
0.75,3.03,1,4,24.9,advanced
0.4,28.09,7,4,27.2,beginner
0.9,4.04,0,3,27.5,advanced
0.3,18.72,6,2,30.0,beginner
0.2,14.37,12,2,15.6,beginner
0.5,13.37,3,8,17.0,intermediate
0.3,8.56,3,4,13.8,beginner
0.75,11.42,3,3,27.2,beginner
0.75,7.83,5,10,30.0,beginner
0.55,12.13,1,1,21.6,intermediate
0.8,8.87,2,8,18.0,intermediate
0.3,13.82,6,3,30.0,beginner
0.55,4.22,1,3,14.3,intermediate
0.65,7.97,4,5,29.8,intermediate
0.5,15.14,8,4,16.3,beginner
0.45,15.28,9,3,21.5,beginner
0.85,7.44,1,2,30.0,advanced
0.65,6.81,2,5,27.1,intermediate
0.7,7.22,4,1,23.3,intermediate
0.85,10.99,1,3,30.0,intermediate
0.35,4.9,7,11,23.1,beginner
0.8,8.92,2,4,30.0,intermediate
0.75,7.17,2,8,13.7,intermediate
0.65,5.41,2,4,14.3,intermediate
0.65,10.22,4,2,28.9,intermediate
0.8,11.52,2,3,24.4,intermediate
0.7,10.24,1,7,29.8,intermediate
0.55,8.58,7,7,16.4,intermediate
0.7,10.77,2,5,24.4,intermediate
0.8,12.09,1,3,25.8,intermediate
0.25,12.07,8,3,16.9,beginner
0.4,7.64,5,6,23.7,intermediate
0.4,7.28,4,3,14.7,beginner
0.65,12.63,3,4,25.0,beginner
0.4,10.18,5,4,30.0,beginner
0.6,5.57,3,5,16.5,beginner
0.5,4.59,5,6,15.9,intermediate
0.85,6.3,0,6,30.0,intermediate
0.9,4.84,1,2,18.8,advanced
0.25,12.19,4,3,26.4,beginner
0.55,13.24,2,11,23.7,intermediate
0.65,4.74,2,2,22.1,intermediate
0.8,6.8,2,1,30.0,intermediate
0.85,5.42,2,3,30.0,advanced
0.95,4.72,0,4,30.0,advanced
0.9,8.34,0,3,14.4,advanced
0.4,6.8,5,3,25.7,beginner
0.55,11.45,7,1,16.2,intermediate
0.65,10.67,3,6,23.3,intermediate
0.7,7.67,5,2,23.8,intermediate
0.65,8.48,2,2,30.0,intermediate
0.4,10.61,4,4,21.3,intermediate
0.9,5.66,1,5,19.5,intermediate
0.75,10.27,1,3,30.0,intermediate
0.35,12.56,4,4,26.2,intermediate
0.4,9.1,3,9,24.5,beginner
0.45,16.2,7,6,29.9,beginner
0.55,10.94,6,6,30.0,intermediate
0.65,7.75,1,4,19.5,intermediate
0.7,4.21,0,6,16.7,intermediate
0.55,8.6,2,1,28.1,intermediate
0.75,8.07,0,3,22.9,intermediate
0.55,6.25,5,6,21.7,intermediate
0.5,7.86,2,5,16.3,intermediate
0.4,5.74,3,4,26.1,intermediate
0.6,12.18,3,3,24.6,intermediate
0.75,7.04,0,7,24.7,intermediate
0.85,3.99,5,2,16.7,intermediate
0.75,7.63,1,4,30.0,intermediate
0.5,7.79,3,3,25.6,intermediate
0.6,11.87,5,2,28.9,beginner
0.25,13.47,16,5,5.7,beginner
0.65,7.37,2,5,22.6,beginner
0.75,4.17,1,1,23.0,advanced
0.6,5.94,0,3,25.2,intermediate
0.55,10.69,6,8,27.2,beginner
0.75,7.06,1,3,27.7,advanced
0.5,9.73,2,6,21.9,intermediate
0.5,7.81,1,1,23.0,intermediate
0.8,4.52,1,2,18.5,advanced
0.35,24.2,6,1,16.6,beginner
0.5,7.76,5,1,28.7,intermediate
0.7,7.81,4,4,19.5,intermediate
0.25,40.81,6,5,26.8,beginner
0.3,9.87,2,7,28.4,intermediate
0.25,8.89,7,6,24.2,beginner
0.2,19.56,9,6,20.9,beginner
0.2,9.53,9,7,17.2,beginner
0.5,10.83,2,5,23.2,intermediate
0.3,12.96,8,7,23.1,beginner
0.3,9.93,5,5,8.1,beginner
0.9,8.23,1,6,30.0,advanced
0.4,12.25,2,3,19.0,intermediate
0.6,11.66,3,4,23.2,intermediate
0.6,11.05,3,5,22.1,beginner
0.5,7.37,1,3,23.1,intermediate
0.45,10.96,1,5,15.3,intermediate
0.7,9.96,1,3,26.7,intermediate
0.6,12.56,7,7,24.1,beginner
0.95,8.73,0,5,16.4,advanced
0.9,7.04,1,0,19.8,advanced
0.2,12.98,10,1,25.9,beginner
0.45,11.4,7,8,26.0,beginner
0.45,11.26,7,5,23.3,beginner
0.65,4.32,2,7,21.4,intermediate
0.3,12.11,7,8,24.5,beginner
0.85,8.58,1,1,16.8,intermediate
0.55,6.99,2,4,23.1,intermediate
0.35,7.96,4,2,17.2,intermediate
0.4,9.64,1,2,21.5,intermediate
0.95,6.19,0,5,22.3,advanced
0.35,13.2,2,4,26.2,beginner
0.45,10.68,4,5,24.6,intermediate
0.8,4.01,0,3,22.4,intermediate
0.95,7.14,0,9,30.0,advanced
0.7,6.39,1,4,19.8,intermediate
0.8,6.06,2,6,25.9,intermediate
0.35,9.92,10,4,17.4,beginner
0.8,6.36,2,4,29.0,advanced
0.55,18.96,12,0,25.1,intermediate
0.65,12.43,2,7,30.0,intermediate
0.8,7.31,2,5,26.6,advanced
0.35,9.04,6,3,5.0,intermediate
0.55,10.05,1,6,21.3,intermediate
0.55,7.37,2,7,30.0,intermediate
0.1,13.7,15,7,16.9,beginner
0.65,9.74,2,4,11.8,intermediate
0.65,7.47,1,2,26.0,beginner
0.35,14.97,8,6,22.5,beginner
0.75,5.2,1,2,23.9,advanced
0.55,10.75,3,2,21.8,intermediate
0.7,5.85,1,3,19.7,intermediate
0.65,8.47,2,4,28.8,intermediate
0.6,5.12,0,4,25.5,intermediate
0.8,5.58,0,2,18.4,intermediate
0.8,5.73,0,1,25.2,advanced
0.9,3.19,0,5,24.3,advanced
0.6,13.25,7,3,30.0,intermediate
0.6,5.45,4,3,29.8,intermediate
0.6,5.99,0,3,23.7,intermediate
0.55,11.4,1,2,25.2,intermediate
0.7,6.18,1,1,30.0,intermediate
0.55,8.68,3,8,21.7,intermediate
0.25,7.11,4,8,26.5,intermediate
0.6,9.19,1,1,30.0,intermediate
0.6,10.42,4,3,21.3,intermediate
0.8,8.47,2,1,30.0,intermediate
0.2,13.81,3,2,29.1,beginner
0.35,14.9,11,6,20.4,beginner
0.65,5.62,6,0,22.8,intermediate
0.5,6.42,2,6,24.9,intermediate
0.75,11.83,2,3,23.0,intermediate
0.35,11.71,3,2,18.3,intermediate
0.7,4.71,0,2,29.7,intermediate
0.55,9.46,3,4,16.5,intermediate
0.5,7.64,2,2,21.5,intermediate
0.7,3.73,1,6,25.2,advanced
0.65,10.31,4,4,14.2,intermediate
0.6,6.53,4,6,28.4,intermediate
0.6,6.13,4,4,22.0,beginner
0.8,3.66,3,4,30.0,advanced
0.55,4.32,3,4,23.1,intermediate
0.45,8.01,2,3,20.4,advanced
0.75,7.82,1,6,18.5,intermediate
0.25,8.83,7,8,20.8,beginner
0.45,16.45,10,8,20.0,beginner
0.6,6.47,2,2,30.0,intermediate
0.4,10.37,1,5,23.9,intermediate
0.35,10.98,6,6,30.0,beginner
0.45,6.49,2,3,26.2,intermediate
0.5,11.64,7,4,15.2,intermediate
0.4,6.27,4,4,15.9,intermediate
0.8,8.17,1,3,28.7,intermediate
0.55,11.83,14,4,11.7,beginner
0.7,12.62,3,1,26.4,intermediate
0.55,7.62,4,2,28.8,intermediate
0.9,6.03,0,5,30.0,advanced
0.65,4.72,1,3,19.9,intermediate
0.6,6.96,4,3,28.7,intermediate
0.7,7.28,2,3,27.9,intermediate
0.25,19.47,9,7,16.2,beginner
0.6,12.02,0,1,24.6,intermediate
0.35,10.3,5,5,24.8,intermediate
0.7,12.61,0,4,21.6,intermediate
0.7,5.47,2,5,28.2,advanced
0.8,9.91,2,3,30.0,advanced
0.65,5.98,3,4,29.5,intermediate
0.5,12.53,5,2,21.9,beginner
0.7,3.84,1,7,24.7,intermediate
0.95,3.46,1,5,24.6,advanced
0.55,10.43,6,5,20.1,intermediate
0.6,6.43,1,5,12.7,beginner
0.65,8.6,4,1,26.2,intermediate
0.65,11.1,1,3,28.0,intermediate
0.3,7.25,2,5,22.9,intermediate
0.85,3.91,2,7,22.0,advanced
0.7,6.15,4,5,25.2,intermediate
0.85,3.98,0,3,30.0,intermediate
0.75,6.55,1,2,30.0,intermediate
0.75,6.99,3,3,25.3,intermediate
0.7,5.94,3,3,30.0,beginner
0.85,13.13,2,8,30.0,intermediate
0.6,5.71,2,7,21.8,intermediate
0.75,11.51,3,3,23.6,intermediate
0.45,6.63,2,7,26.6,intermediate
0.85,6.25,0,2,20.9,advanced
0.35,18.77,6,3,25.3,beginner
0.6,10.61,3,7,25.6,intermediate
0.6,7.12,2,4,26.0,intermediate
0.7,9.48,5,1,20.8,intermediate
0.4,10.88,5,2,17.9,beginner
0.6,5.69,2,4,13.4,intermediate
0.65,10.21,2,5,30.0,intermediate
0.45,17.26,2,3,28.6,intermediate
0.45,10.98,3,5,26.7,beginner
0.8,8.52,2,5,27.3,intermediate
0.5,13.41,5,4,7.8,intermediate
0.55,5.07,2,2,19.0,intermediate
0.2,12.96,8,3,19.7,beginner
0.65,6.94,7,5,15.7,beginner
0.8,5.55,1,2,15.2,intermediate
0.35,23.02,5,6,15.6,beginner
0.9,4.66,0,3,28.2,advanced
0.6,6.11,0,2,24.4,intermediate
0.45,13.47,3,1,28.4,intermediate
1.0,4.24,0,2,30.0,advanced
0.55,9.67,2,10,25.1,beginner
0.55,12.46,1,2,22.9,intermediate
0.45,7.96,1,6,30.0,advanced
0.45,4.97,2,5,13.9,intermediate
0.45,9.58,1,3,11.6,intermediate
0.55,7.31,2,4,18.3,intermediate
0.3,20.32,6,1,25.5,beginner
0.7,5.94,1,4,25.7,intermediate
0.65,9.84,3,2,18.6,advanced
0.65,13.96,2,5,20.2,advanced
0.4,8.96,9,7,13.0,beginner
0.8,6.54,3,3,17.7,intermediate
0.7,6.82,3,0,30.0,intermediate
0.95,3.64,0,4,27.3,advanced
0.45,16.14,19,2,29.4,beginner
0.9,5.43,1,4,21.3,advanced
0.75,7.02,5,1,27.3,intermediate
0.5,11.2,5,6,22.6,beginner
0.55,10.59,5,3,27.1,beginner
0.55,9.95,3,4,24.2,intermediate
0.6,9.1,8,5,27.0,beginner
0.7,6.12,3,5,28.0,intermediate
0.8,4.68,1,6,21.7,advanced
0.55,9.07,4,4,27.2,intermediate
0.55,7.29,4,3,22.9,intermediate
0.3,14.38,8,8,15.3,intermediate
0.1,6.71,7,4,24.2,beginner
0.75,4.79,0,1,30.0,advanced
0.55,8.67,3,5,19.6,intermediate
0.3,8.17,12,9,19.1,beginner
0.45,14.29,1,1,15.6,intermediate
0.55,8.43,3,0,12.8,advanced
0.3,11.63,3,2,19.9,beginner
0.7,5.6,3,4,30.0,advanced
0.75,7.31,2,8,21.3,intermediate
0.3,6.54,6,4,30.0,intermediate
0.8,5.28,1,8,25.8,advanced
0.7,6.06,3,5,22.4,intermediate
0.95,4.85,0,5,25.7,advanced
0.45,4.53,9,4,27.1,beginner
0.75,5.64,2,1,17.9,intermediate
0.5,17.47,7,0,20.9,intermediate
0.55,13.85,4,2,18.5,intermediate
0.85,9.91,0,4,22.8,advanced
0.8,9.18,1,3,27.2,advanced
0.65,11.26,5,1,22.4,intermediate
0.65,6.12,4,3,30.0,intermediate
0.75,5.84,3,3,23.5,intermediate
0.65,14.15,5,3,25.9,intermediate
0.65,8.59,4,5,24.6,intermediate
0.6,18.41,1,6,30.0,intermediate
0.3,9.44,4,8,19.7,beginner
0.7,16.3,4,5,22.0,beginner
0.55,8.51,5,3,27.5,intermediate
0.55,12.93,5,1,22.0,intermediate
0.55,9.48,1,2,30.0,advanced
0.8,5.62,5,4,30.0,intermediate
0.05,10.46,5,5,14.4,beginner
0.25,10.37,20,5,27.9,beginner
0.3,8.07,13,3,17.3,beginner
0.6,8.59,4,4,30.0,advanced
0.55,10.1,3,8,25.5,intermediate
0.35,9.37,3,5,26.4,intermediate
0.8,8.23,4,4,24.5,advanced
0.9,2.66,3,2,26.4,advanced
0.6,11.3,0,2,20.6,intermediate
0.25,11.77,4,8,19.7,beginner
0.4,14.32,6,8,19.5,beginner
0.2,19.53,14,4,19.4,beginner
0.3,20.0,13,6,11.8,beginner
0.55,7.19,2,3,24.7,intermediate
0.95,2.32,0,3,30.0,advanced
0.3,9.25,5,6,28.6,intermediate
0.8,7.14,1,1,25.7,intermediate
0.1,10.31,14,4,30.0,beginner
0.4,10.48,6,4,18.7,intermediate
0.8,6.23,3,4,24.5,intermediate
0.95,2.63,0,3,20.8,advanced
0.95,6.54,3,5,25.3,advanced
0.55,6.61,4,3,30.0,intermediate
0.35,14.46,14,6,15.5,beginner
0.35,9.69,6,5,11.8,intermediate
0.7,12.05,1,2,29.4,intermediate
0.8,5.92,0,1,28.8,advanced
0.55,9.98,9,3,27.3,intermediate
0.6,6.78,3,1,22.3,intermediate
0.75,9.22,1,6,18.1,intermediate
0.5,15.43,3,2,21.3,beginner
0.65,9.8,2,1,27.5,intermediate
0.8,8.21,1,4,25.4,intermediate
0.75,9.88,0,2,26.3,intermediate
0.35,5.04,2,5,20.6,intermediate
0.8,4.89,3,2,28.1,intermediate
0.4,8.84,5,1,22.5,intermediate
0.8,5.38,4,2,21.0,beginner
0.85,3.64,1,5,28.4,advanced
0.4,5.52,6,3,19.3,beginner
0.35,6.46,2,3,25.5,beginner
0.85,5.27,1,2,30.0,intermediate
0.65,6.8,1,2,28.2,intermediate
0.35,8.03,8,3,11.8,intermediate
0.6,6.43,4,4,20.3,intermediate
0.85,5.14,2,2,22.7,advanced
0.7,11.5,2,2,19.4,intermediate
0.65,9.46,8,3,18.8,intermediate
0.55,9.31,2,5,30.0,intermediate
0.3,13.66,14,7,24.2,beginner
0.5,4.81,4,5,21.6,intermediate
0.55,8.15,2,6,27.1,intermediate
0.85,3.71,2,3,28.9,intermediate
0.5,7.73,3,4,23.8,beginner
0.75,4.31,1,3,30.0,advanced
0.65,9.04,3,4,20.1,intermediate
0.75,3.76,0,1,26.8,advanced
0.75,6.63,5,6,19.4,intermediate
0.05,14.69,11,9,14.5,beginner
0.35,11.83,3,4,15.2,intermediate
0.7,5.16,1,8,19.6,intermediate
0.5,8.85,4,6,23.7,intermediate
0.55,8.59,4,2,22.1,intermediate
0.45,18.13,2,3,20.0,intermediate
0.75,4.21,3,1,23.3,intermediate
0.65,4.14,1,1,30.0,intermediate
0.65,18.82,1,4,18.3,intermediate
0.75,5.63,3,4,18.7,intermediate
0.5,4.79,1,8,17.7,intermediate
0.9,4.41,1,5,26.9,advanced
0.3,3.58,4,4,25.7,intermediate
0.6,9.06,3,6,27.4,intermediate
0.8,9.28,0,7,30.0,intermediate
0.55,5.71,2,5,23.5,intermediate
0.55,8.69,6,2,19.5,intermediate
0.4,13.91,13,3,30.0,intermediate
0.4,5.52,6,8,5.2,intermediate
0.6,4.62,1,3,25.1,intermediate
0.7,7.3,1,4,26.7,beginner
0.35,6.87,5,5,30.0,beginner
0.35,10.06,4,3,11.2,intermediate
0.9,4.01,3,4,23.6,intermediate
0.95,5.16,1,3,20.3,advanced
0.6,9.95,4,3,10.9,intermediate
0.3,14.51,8,5,19.3,beginner
0.85,4.99,1,1,30.0,advanced
0.3,11.08,5,2,29.1,beginner
0.2,8.6,20,6,15.8,beginner
0.55,8.54,1,0,28.9,intermediate
0.25,10.36,2,5,19.6,intermediate
0.95,5.53,0,5,30.0,advanced
0.75,9.46,2,3,30.0,intermediate
0.5,6.2,2,4,22.9,intermediate
0.3,19.88,4,9,26.7,beginner
0.8,11.35,3,3,18.1,intermediate
0.5,8.78,2,4,29.4,intermediate
0.45,6.4,4,2,29.2,beginner
0.6,3.19,1,2,30.0,intermediate
0.65,9.66,0,3,18.5,intermediate
0.5,10.38,11,3,20.9,beginner
0.65,5.88,1,4,26.2,intermediate
0.65,11.88,3,3,26.8,intermediate
0.45,8.75,4,4,21.3,beginner
0.5,8.53,4,7,30.0,intermediate
0.65,11.36,5,5,14.8,intermediate
0.55,5.69,2,3,22.1,intermediate
0.7,7.38,1,2,14.2,intermediate
0.75,9.1,1,4,29.9,intermediate
0.55,8.68,5,4,27.3,intermediate
0.75,10.39,2,3,30.0,intermediate
0.65,9.85,0,2,30.0,intermediate
0.4,11.85,8,7,22.6,beginner
0.9,3.18,2,2,26.4,intermediate
0.55,5.67,1,5,21.7,intermediate
0.7,8.29,0,6,26.8,intermediate
0.55,4.16,2,4,26.6,intermediate
0.45,8.79,5,2,10.4,intermediate
0.6,8.76,3,3,25.4,intermediate
0.55,14.23,2,4,24.1,beginner
0.55,6.75,4,2,30.0,intermediate
0.8,5.91,3,2,23.9,intermediate
0.55,7.14,2,6,20.2,intermediate
0.65,10.84,3,2,24.1,intermediate
0.65,6.93,3,6,25.2,intermediate
0.65,10.39,2,2,24.1,advanced
0.7,6.75,3,2,15.4,intermediate
0.7,6.91,0,5,24.7,intermediate
0.85,6.19,0,5,24.1,advanced
0.75,5.17,0,2,25.2,advanced
0.85,9.93,3,7,29.1,intermediate
0.75,6.0,0,4,22.9,advanced
0.85,7.41,1,7,25.7,advanced
0.65,7.63,2,3,28.2,intermediate
0.5,10.37,4,4,21.3,intermediate
0.3,9.03,8,3,30.0,beginner
0.35,9.61,9,7,22.0,beginner
0.55,16.21,9,2,14.2,intermediate
0.5,11.74,2,7,17.6,intermediate
0.9,4.25,1,4,20.7,intermediate
0.65,7.97,5,4,19.6,intermediate
0.4,4.39,2,3,25.2,intermediate
0.45,8.57,12,6,15.1,intermediate
0.4,16.21,3,7,18.8,beginner
0.95,5.83,0,6,30.0,intermediate
0.55,8.61,1,6,20.6,intermediate
0.7,2.21,2,7,30.0,intermediate
0.8,4.62,1,2,17.4,advanced
0.95,5.84,1,4,25.5,advanced
0.75,8.38,1,3,19.7,advanced
0.75,9.51,5,2,27.2,intermediate
0.65,7.88,1,2,17.3,intermediate
0.75,6.49,3,4,30.0,intermediate
0.65,5.79,2,2,12.9,intermediate
0.95,5.09,1,2,30.0,advanced
0.6,4.84,0,4,29.8,intermediate
0.65,4.3,2,3,25.6,intermediate
0.6,5.1,3,3,24.9,intermediate
0.2,20.17,10,5,30.0,beginner
0.35,11.57,13,12,30.0,beginner
0.6,9.26,2,6,22.2,beginner
0.85,3.92,1,2,29.5,advanced
0.4,4.88,3,4,19.5,intermediate
0.7,10.05,5,2,17.8,intermediate
0.5,4.26,4,10,25.7,intermediate
0.2,11.5,14,8,20.7,beginner
0.5,9.29,7,1,12.9,beginner
0.25,11.69,8,4,24.2,intermediate
0.75,5.27,2,4,27.1,intermediate
0.9,3.1,0,6,23.0,advanced
0.5,8.9,8,5,16.7,beginner
0.65,5.73,1,3,27.2,intermediate
0.65,5.51,1,4,30.0,intermediate
0.55,12.98,2,3,25.2,intermediate
0.75,4.61,3,6,29.8,intermediate
0.9,6.14,2,9,22.2,advanced
0.6,10.53,9,7,19.6,intermediate
0.5,11.53,2,5,27.4,intermediate
0.85,6.0,1,5,17.9,intermediate
0.75,7.87,2,4,27.8,intermediate
0.7,6.64,4,4,28.0,intermediate
0.25,11.47,1,3,22.0,intermediate
0.65,4.34,1,4,26.7,intermediate
0.8,2.74,1,3,25.6,intermediate
0.35,11.41,5,4,18.4,beginner
0.5,11.51,3,5,15.1,beginner
0.7,8.87,0,3,24.0,intermediate
0.7,4.75,0,4,30.0,advanced
0.4,21.27,9,6,26.2,beginner
0.35,13.47,17,3,16.1,beginner
0.6,8.73,1,8,22.3,intermediate
0.5,9.54,3,3,21.6,intermediate
0.4,18.79,9,4,19.2,beginner
0.45,9.05,7,2,23.7,intermediate
0.7,5.69,2,5,30.0,intermediate
0.7,3.31,1,3,30.0,intermediate
0.3,19.28,5,3,16.1,beginner
0.4,13.3,6,3,24.8,beginner
0.55,8.88,1,4,27.7,intermediate
0.85,16.69,1,4,25.1,intermediate
0.6,7.56,1,5,19.3,advanced
0.65,4.89,4,6,26.0,intermediate
0.6,8.59,9,6,30.0,intermediate
0.75,4.41,2,2,27.8,advanced
0.6,7.03,2,2,19.2,intermediate
0.95,5.49,1,4,25.1,intermediate
1.0,3.35,0,4,22.9,advanced
0.75,4.54,3,5,24.8,intermediate
0.45,14.92,1,7,27.5,intermediate
0.75,5.74,1,1,23.6,intermediate
0.35,11.31,3,5,5.0,beginner
0.65,11.53,4,3,24.8,intermediate
0.3,18.26,14,5,15.3,beginner
0.4,9.79,4,5,18.6,beginner
0.65,8.58,2,6,20.9,intermediate
0.9,5.49,2,3,30.0,intermediate
0.3,12.9,5,6,19.5,intermediate
0.85,5.69,0,4,30.0,advanced
0.5,8.37,2,3,29.8,intermediate
0.85,6.43,0,4,23.6,intermediate
0.5,18.24,3,3,18.4,intermediate
0.9,5.23,0,3,27.0,intermediate
0.3,11.34,7,3,21.3,beginner
0.75,6.56,0,3,16.4,advanced
0.65,5.77,1,3,30.0,intermediate
0.55,6.89,3,4,27.1,intermediate
0.4,7.82,2,1,20.3,intermediate
0.45,7.3,5,4,11.8,intermediate
0.1,9.42,13,7,17.1,beginner
0.5,7.77,4,8,18.8,beginner
0.65,7.13,1,3,25.4,intermediate
0.5,14.09,3,4,10.0,intermediate
0.65,12.97,9,4,18.7,beginner
0.75,2.38,0,5,24.1,advanced
0.75,9.45,0,5,23.3,intermediate
0.6,7.34,3,4,21.6,intermediate
0.6,10.94,4,3,23.0,intermediate
0.8,9.4,4,3,30.0,beginner
0.9,5.33,1,1,23.8,advanced
0.9,5.42,0,4,21.6,intermediate
0.55,7.87,3,5,13.7,intermediate
0.3,15.06,4,4,19.5,intermediate
0.65,9.1,5,6,14.4,beginner
0.55,10.47,2,6,30.0,intermediate
0.8,6.9,1,2,27.5,advanced
0.6,8.2,1,6,30.0,intermediate
0.5,4.8,5,8,30.0,intermediate
0.85,8.52,2,3,21.6,advanced
0.45,7.02,5,5,21.7,intermediate
0.4,12.88,4,3,30.0,intermediate
0.65,5.96,2,2,24.7,intermediate
0.65,4.18,0,4,29.1,intermediate
0.6,15.33,0,1,30.0,intermediate
0.4,10.28,13,7,24.4,beginner
0.3,15.69,7,2,24.1,intermediate
0.6,6.23,1,2,30.0,intermediate
0.55,7.02,3,2,23.5,intermediate
0.45,8.82,8,1,26.1,intermediate
0.4,5.32,2,3,22.5,intermediate
0.4,10.31,5,10,27.9,intermediate
0.9,3.01,1,2,24.9,advanced
0.5,7.46,1,3,13.3,intermediate
0.7,8.71,2,5,30.0,intermediate
0.45,8.67,3,2,18.0,intermediate
0.7,3.71,0,4,19.4,intermediate
0.25,14.62,7,4,29.0,beginner
0.8,6.87,4,4,30.0,intermediate
0.75,4.11,2,5,26.0,advanced
0.45,9.32,4,7,6.7,intermediate
0.7,5.0,0,3,30.0,advanced
0.95,3.9,0,0,30.0,advanced
0.85,10.92,1,1,30.0,intermediate
0.55,9.32,2,7,25.5,intermediate
0.55,7.77,3,5,22.9,intermediate
0.95,4.88,1,3,24.6,advanced
0.45,15.99,8,3,15.0,beginner
0.65,7.18,5,6,19.2,intermediate
0.85,3.11,0,4,29.4,advanced
0.65,6.5,3,2,25.8,intermediate
0.25,16.79,5,5,26.4,intermediate
0.75,10.69,3,0,15.6,intermediate
0.55,6.25,3,2,15.4,advanced
0.55,12.35,0,3,22.1,advanced
0.45,10.15,2,6,18.1,intermediate
0.65,6.69,3,0,25.8,intermediate
0.7,6.88,1,3,16.9,intermediate
0.7,8.13,2,3,30.0,intermediate
0.4,8.39,9,4,16.2,intermediate
0.4,10.17,2,4,30.0,intermediate
0.5,8.95,2,4,27.1,beginner
0.55,5.32,6,3,16.1,intermediate
0.55,6.73,1,6,30.0,intermediate
0.6,8.11,4,2,24.6,intermediate
0.6,11.31,2,5,25.1,intermediate
0.25,6.65,6,5,19.7,beginner
0.85,6.34,3,7,27.6,intermediate
0.8,4.65,0,4,30.0,advanced
0.35,17.18,7,3,15.1,beginner
0.55,9.47,5,5,21.1,intermediate
0.95,10.09,2,5,28.1,advanced
0.6,17.7,11,12,22.7,beginner
0.35,6.43,1,4,28.2,intermediate
0.9,5.49,1,2,28.9,intermediate
0.85,3.93,0,2,25.7,advanced
0.75,9.53,2,1,21.5,intermediate
0.75,3.59,1,6,19.7,advanced
0.5,8.42,5,4,24.6,intermediate
0.55,11.83,4,3,18.3,intermediate
0.65,9.82,0,2,24.8,intermediate
0.5,4.25,5,4,24.2,intermediate
0.4,14.63,2,6,23.0,intermediate
0.4,11.13,4,1,20.7,beginner
0.8,3.51,1,4,20.0,advanced
0.35,3.47,4,3,23.8,intermediate
0.5,4.73,1,5,22.0,intermediate
0.55,9.29,5,6,22.1,intermediate
0.5,8.9,5,1,29.8,intermediate
0.35,11.45,4,3,25.9,intermediate
0.6,6.02,0,3,21.4,intermediate
0.6,5.65,2,5,22.8,intermediate
0.35,10.14,7,7,30.0,beginner
0.85,5.14,2,5,26.1,advanced
0.5,8.89,1,4,24.0,intermediate
0.55,6.37,5,6,27.6,intermediate
0.65,10.1,1,1,26.0,intermediate
0.5,8.13,7,3,19.8,beginner
0.75,4.27,0,9,22.3,advanced
0.75,4.6,1,7,27.1,advanced
0.9,9.42,0,3,29.8,advanced
0.6,8.88,2,4,30.0,intermediate
0.45,7.78,2,7,13.4,beginner
0.25,14.52,4,1,30.0,beginner
0.5,22.19,2,4,20.0,beginner
0.45,11.63,3,8,27.0,beginner
0.4,17.34,11,2,16.6,beginner
0.8,7.17,0,3,18.4,advanced
0.4,7.8,5,6,14.5,beginner
0.4,9.77,4,6,20.4,beginner
0.65,5.2,1,5,27.0,intermediate
0.8,5.84,1,2,26.3,intermediate
0.55,6.17,2,2,22.8,intermediate
0.55,6.22,1,4,30.0,intermediate
0.8,4.13,0,3,27.4,advanced
0.75,6.93,3,4,26.0,intermediate
0.55,10.96,6,4,30.0,intermediate
0.8,6.79,1,6,25.0,intermediate
0.85,2.53,1,2,24.1,intermediate
0.65,6.58,1,4,26.3,intermediate
0.6,4.64,2,3,28.5,intermediate
0.45,13.37,5,9,22.1,beginner
0.5,10.39,2,5,24.2,intermediate
0.85,6.68,1,5,30.0,intermediate
0.3,9.7,11,14,28.1,beginner
0.5,9.48,4,4,22.6,intermediate
0.45,8.96,1,2,17.8,intermediate
0.65,6.13,4,3,25.4,intermediate
0.55,13.99,9,5,17.5,intermediate
0.65,9.54,3,1,30.0,intermediate
0.7,9.69,1,4,27.7,beginner
0.65,6.89,3,4,30.0,intermediate
0.4,16.18,5,2,30.0,intermediate
0.75,5.75,1,0,18.9,intermediate
0.6,11.42,4,5,19.8,intermediate
0.9,3.76,2,3,17.5,advanced
0.6,7.77,3,6,10.8,intermediate
0.4,3.83,4,3,23.7,intermediate
0.4,7.43,1,2,16.6,intermediate
0.75,7.23,0,2,30.0,intermediate
0.7,7.21,5,1,30.0,intermediate
0.45,16.14,3,1,21.6,intermediate
0.3,5.51,3,1,21.7,intermediate
0.4,11.64,11,6,28.0,beginner
0.85,5.44,2,1,30.0,intermediate
0.35,8.98,10,8,15.7,intermediate
0.75,12.41,5,7,17.0,intermediate
0.55,16.67,5,5,20.3,beginner
0.6,5.94,1,3,27.0,intermediate
0.65,5.6,3,1,21.8,intermediate
0.4,7.66,7,4,23.6,beginner
0.8,10.3,1,1,30.0,intermediate
0.7,10.07,0,4,17.0,intermediate
0.85,7.13,1,4,22.0,intermediate
0.65,4.17,3,1,17.1,intermediate
0.65,4.44,1,4,20.1,intermediate
0.5,9.17,2,0,21.6,intermediate
0.4,12.27,3,2,17.6,intermediate
0.55,3.61,0,4,27.8,intermediate
0.6,6.5,1,2,25.7,intermediate
0.85,11.65,1,3,27.4,intermediate
0.8,6.15,2,0,23.8,advanced
0.55,15.79,5,4,21.4,intermediate
0.7,9.26,1,3,22.6,intermediate
0.7,5.54,4,6,22.4,intermediate
0.3,10.04,5,3,23.7,intermediate
0.3,10.16,5,6,10.0,beginner
0.4,7.93,5,4,22.9,intermediate
0.5,6.72,4,5,17.4,intermediate
0.95,7.54,0,11,27.0,advanced
0.75,4.13,0,3,17.4,intermediate
0.4,14.43,5,4,20.0,intermediate
0.85,5.13,1,2,28.2,advanced
0.7,7.87,4,5,26.8,intermediate
0.5,10.12,3,3,16.6,beginner
0.35,7.07,5,4,25.7,intermediate
0.35,15.05,7,8,27.1,beginner
0.75,4.23,7,3,20.4,beginner
0.65,9.96,0,3,23.4,intermediate
0.8,2.97,2,9,12.7,intermediate
0.55,9.57,4,4,16.4,intermediate
0.25,15.77,5,5,22.4,beginner
0.6,13.3,4,6,27.2,intermediate
0.35,8.67,6,6,15.8,beginner
0.9,3.23,0,6,30.0,advanced
0.5,9.0,6,3,22.8,beginner
0.75,9.03,2,1,15.9,intermediate
0.45,4.48,3,6,30.0,intermediate
0.7,8.28,2,2,16.2,intermediate
0.55,8.46,3,6,26.4,intermediate
0.7,6.1,1,6,19.9,intermediate
0.2,15.22,9,4,11.9,intermediate
0.65,7.05,2,1,30.0,advanced
0.8,6.44,5,1,22.7,intermediate
0.7,4.13,1,2,30.0,intermediate
0.55,7.81,2,5,18.5,intermediate
0.85,3.85,1,5,18.0,advanced
0.45,6.89,3,4,20.7,intermediate
0.5,10.37,4,4,30.0,intermediate
0.55,13.71,4,5,28.6,intermediate
0.8,6.46,4,3,29.0,intermediate
0.65,11.04,6,4,26.4,intermediate
0.65,3.44,1,5,24.0,advanced
0.95,5.95,0,5,30.0,advanced
0.75,5.96,0,7,29.1,intermediate
0.65,12.96,1,7,25.7,intermediate
0.95,3.95,2,0,30.0,advanced
0.9,4.18,0,2,21.2,advanced
0.45,16.63,3,4,15.6,beginner
0.5,8.04,4,5,22.2,intermediate
0.45,5.75,2,1,29.5,intermediate
0.65,20.44,3,7,15.8,intermediate
0.7,4.72,1,5,24.9,intermediate
1.0,5.29,2,5,26.1,advanced
0.8,6.11,2,4,17.9,advanced
0.75,7.54,2,3,22.3,advanced
0.5,8.87,0,2,25.8,intermediate
0.9,5.15,2,4,18.3,intermediate
0.5,7.6,3,7,30.0,intermediate
0.4,6.2,4,5,25.6,intermediate
0.65,13.22,3,4,28.2,intermediate
0.8,7.05,4,5,24.5,intermediate
0.4,8.91,1,9,18.3,intermediate
0.65,7.29,5,4,19.9,intermediate
0.6,7.47,5,3,25.7,intermediate
0.65,7.03,2,6,19.8,intermediate
0.35,5.92,2,4,23.1,intermediate
0.4,10.9,6,5,15.5,beginner
0.35,9.35,6,3,24.2,beginner
0.85,8.72,0,1,29.9,intermediate
0.55,5.18,0,4,14.4,intermediate
0.45,9.83,4,6,20.9,intermediate
0.55,5.94,2,4,14.7,intermediate
0.85,8.21,1,4,16.9,intermediate
0.35,7.2,3,4,18.7,beginner
0.4,11.23,4,4,30.0,intermediate
0.25,14.38,8,7,26.5,beginner
0.6,8.66,1,2,30.0,intermediate
0.25,6.26,1,11,25.6,intermediate
0.4,7.49,9,8,21.7,beginner
0.35,15.09,5,3,26.5,beginner
0.45,7.14,4,5,17.4,intermediate
0.25,15.92,13,10,22.1,beginner
0.6,8.31,3,3,30.0,intermediate
0.35,13.91,8,1,24.6,beginner
0.8,8.81,1,2,30.0,intermediate
0.45,7.14,6,3,23.3,intermediate
0.65,5.02,2,5,30.0,intermediate
0.3,17.94,17,5,18.0,beginner
0.9,4.81,0,4,30.0,intermediate
0.6,2.91,5,5,27.9,advanced
0.25,17.25,11,2,17.1,beginner
0.2,7.34,8,6,14.6,beginner
1.0,4.96,1,3,24.6,advanced
0.65,12.33,2,5,18.7,intermediate
0.4,10.35,5,5,21.3,beginner
0.45,16.04,7,3,13.4,beginner
0.4,10.1,2,3,30.0,intermediate
0.45,15.19,4,3,23.9,intermediate
0.4,6.82,4,8,22.6,intermediate
0.65,7.03,2,0,18.1,advanced
0.55,9.44,1,4,20.0,intermediate
0.45,9.11,4,3,9.0,intermediate
0.8,11.32,1,4,30.0,intermediate
0.45,8.64,6,6,13.5,intermediate
0.35,15.67,2,5,16.4,intermediate
0.55,25.99,4,2,28.7,beginner
0.85,6.9,1,5,28.4,intermediate
0.55,9.17,2,3,25.2,intermediate
0.55,13.88,3,0,24.9,beginner
0.6,6.03,3,2,28.6,intermediate
0.55,5.0,2,2,24.7,intermediate
0.5,14.74,5,4,13.3,intermediate
0.55,9.47,6,5,27.8,intermediate
0.45,7.74,1,3,26.1,intermediate
0.55,9.12,5,12,29.9,intermediate
0.35,6.09,12,7,11.7,beginner
0.4,9.58,3,3,17.5,intermediate
0.2,9.26,4,7,22.8,intermediate
0.45,13.27,3,6,16.7,intermediate
0.65,14.41,4,3,7.8,beginner
0.4,12.95,7,6,22.8,intermediate
0.3,11.67,1,7,27.3,intermediate
0.75,3.46,2,3,25.9,intermediate
0.55,15.6,8,4,23.3,beginner
0.5,9.43,3,1,26.9,intermediate
0.85,7.79,2,4,28.0,advanced
0.4,21.22,9,7,22.8,beginner
0.65,4.07,2,3,30.0,advanced
0.45,10.32,5,3,14.9,beginner
0.55,5.77,3,3,29.2,advanced
0.9,3.9,0,6,23.6,advanced
0.25,15.08,15,11,13.8,beginner
0.35,8.85,9,4,29.6,intermediate
0.7,9.69,2,3,18.2,advanced
0.75,4.98,2,3,23.3,advanced
1.0,3.09,0,2,30.0,advanced
0.85,3.66,0,5,30.0,intermediate
0.4,10.88,6,2,15.9,beginner
0.55,6.56,2,0,18.6,intermediate
0.45,11.63,7,7,19.6,intermediate
0.45,7.88,2,2,30.0,intermediate
0.5,6.42,2,4,17.5,intermediate
0.45,12.17,3,4,16.7,intermediate
0.15,10.7,7,5,25.6,beginner
0.6,10.83,1,9,14.5,intermediate
0.3,10.02,7,7,16.0,beginner
0.75,8.38,4,1,23.0,intermediate
0.35,7.97,2,2,22.1,intermediate
0.6,7.1,3,5,16.8,intermediate
0.55,10.24,2,4,26.1,intermediate
0.55,5.93,2,4,28.7,intermediate
0.7,5.89,0,2,24.2,advanced
0.6,7.72,6,9,30.0,intermediate
0.3,13.41,4,13,23.9,intermediate
0.45,10.58,4,13,13.8,beginner
0.6,12.97,4,7,30.0,intermediate
0.55,7.16,3,2,22.0,intermediate
0.95,9.03,0,5,28.6,advanced
0.85,4.41,1,5,22.7,intermediate
0.5,4.45,0,3,28.3,intermediate
0.9,4.38,0,3,24.4,advanced
0.75,3.99,2,3,23.3,intermediate
0.65,4.54,2,7,23.7,intermediate
0.75,9.83,1,1,21.1,intermediate
0.95,6.17,4,4,30.0,intermediate
0.6,4.67,3,6,19.6,advanced
0.45,7.37,0,1,23.3,intermediate
0.35,7.52,1,4,23.3,intermediate
0.9,8.88,1,8,27.3,advanced
0.6,7.07,3,2,28.7,beginner
0.35,7.21,7,4,11.9,beginner
0.75,8.41,0,8,29.4,intermediate
0.15,10.47,8,3,13.6,intermediate
0.45,23.4,3,9,17.9,beginner
0.3,6.7,5,5,15.9,intermediate
0.5,12.22,4,4,20.9,intermediate
0.85,7.7,1,4,24.1,intermediate
0.6,6.74,3,5,30.0,intermediate
0.7,6.62,4,7,24.8,intermediate
0.65,10.32,2,4,26.7,intermediate
